{"Großbeeren": [52.356765, 13.308324], "Ingolstadt": [48.762145, 11.425389], "Hermsdorf": [50.901565, 11.8563441], "Halle": [51.4821667, 11.9657958], "Zuffenhausen": [48.8363049, 9.1686456], "Bamberg": [49.894218, 10.885527], "Świebodzin": [52.2491121, 15.5357858], "Grünheide": [52.424378, 13.822517], "Schwandorf": [49.3277536, 12.1083824], "Pentling": 
[48.9816461, 12.0580285], "Arnstadt": [50.8379134, 10.944112]}